kennytan0918@gmail.com, kennytan0918@gmail, KENNY TAN, 01126657889, 10_ Jalan Kelian_ Taman Miharja_ 56100#Cheras_ KL,30.0
say123@gmail.com, say123@gmail.com, SAY, 0182047833, 45_ Jalan Cheras 45/6_ Taman Cheras_ 56100#Cheras_ KL,2.3
jeremy1998@outlook.com, jeremy1998@outlook, JEREMY, 0189902776, 22_ Jalan Bawang_ Taman Cheras_ 56100#Cheras_ Kuala Lumpur,10.0
brandsonSee@icloud.com, brandsonSee@icloud, BRANDSON SEE JUN YAN, 0197766554, 58-B_ Jalan Alor_ 50200#Taman Maluri_ Kuala Lumpur,23.0
kahyung0911@hotmail.com, kahyung0911@hotmail, CHAN KAH YUNG, 0162233667, 44_ Villa Saujanis_ Jalan 3A/38A Taman Sri Sinar Segambut_ 51200#Ampang_ Kuala Lumpur,78.0
soh667@gmail.com, soh667@gmail.com, SOH, 0118776901, 10_ Jalan Midah 4/6_ Taman Midah Perdana_56100#Cheras_ KL,12.4
